split,train_total,val_total,test_total,train_ratio,val_ratio,test_ratio
1,620,95,238,65.05771248688352,9.968520461699896,24.97376705141658
2,620,95,238,65.05771248688352,9.968520461699896,24.97376705141658
3,620,95,238,65.05771248688352,9.968520461699896,24.97376705141658
4,620,95,238,65.05771248688352,9.968520461699896,24.97376705141658
5,620,95,238,65.05771248688352,9.968520461699896,24.97376705141658
