fold,train_total,val_total,test_total,train_ratio,val_ratio,test_ratio,train_IDC,val_IDC,test_IDC,train_IDC_ratio,val_IDC_ratio,test_IDC_ratio,train_ILC,val_ILC,test_ILC,train_ILC_ratio,val_ILC_ratio,test_ILC_ratio
1,662,101,190,69.46484784889822,10.598111227701994,19.937040923399792,529,81,152,79.90936555891238,80.19801980198021,80.0,133,20,38,20.090634441087612,19.801980198019802,20.0
2,662,101,190,69.46484784889822,10.598111227701994,19.937040923399792,529,81,152,79.90936555891238,80.19801980198021,80.0,133,20,38,20.090634441087612,19.801980198019802,20.0
3,662,101,190,69.46484784889822,10.598111227701994,19.937040923399792,529,81,152,79.90936555891238,80.19801980198021,80.0,133,20,38,20.090634441087612,19.801980198019802,20.0
4,662,101,190,69.46484784889822,10.598111227701994,19.937040923399792,529,81,152,79.90936555891238,80.19801980198021,80.0,133,20,38,20.090634441087612,19.801980198019802,20.0
5,659,101,193,69.15005246589718,10.598111227701994,20.25183630640084,527,81,154,79.96965098634294,80.19801980198021,79.79274611398964,132,20,39,20.030349013657055,19.801980198019802,20.207253886010363
